id,filename,format,dimensions(pixels),source_url,category,collector
PAS_01,PAS_01.jpg,JPG,2949 x 3722,https://www.metmuseum.org/art/collection/search/437379,Pastel,Rekha Dhorigol
PAS_02,PAS_02.jpg,JPG,3078 x 3713,https://www.metmuseum.org/art/collection/search/436958,Pastel,Rekha Dhorigol
PAS_03,PAS_03.jpg,JPG,2343 x 3722,https://www.metmuseum.org/art/collection/search/436953,Pastel,Rekha Dhorigol
PAS_04,PAS_04.jpg,JPG,3721 x 2602,https://www.metmuseum.org/art/collection/search/924466,Pastel,Rekha Dhorigol
PAS_05,PAS_05.jpg,JPG,2497 x 3722,https://www.metmuseum.org/art/collection/search/359244,Pastel,Rekha Dhorigol
PAS_06,PAS_06.jpg,JPG,3139 x 4000,https://www.metmuseum.org/art/collection/search/438115,Pastel,Rekha Dhorigol
PAS_07,PAS_07.jpg,JPG,4000 x 2902,https://www.metmuseum.org/art/collection/search/953179,Pastel,Rekha Dhorigol
PAS_08,PAS_08.jpg,JPG,3061 x 3793,https://www.metmuseum.org/art/collection/search/384514,Pastel,Rekha Dhorigol
PAS_09,PAS_09.jpg,JPG,1751 x 2250,https://www.artic.edu/artworks/35692/boy-with-a-carrot,Pastel,Rekha Dhorigol
PAS_10,PAS_10.jpg,JPG,843 x 1418,https://www.artic.edu/artworks/31944/self-portrait,Pastel,Rekha Dhorigol
PAS_11,PAS_11.jpg,JPG,1686 x 1319,https://www.artic.edu/artworks/94399/a-corner-of-moret-sur-loing,Pastel,Rekha Dhorigol
PAS_12,PAS_12.jpg,JPG,843 x 716,https://www.artic.edu/artworks/13988/expulsion-from-eden,Pastel,Rekha Dhorigol
PAS_13,PAS_13.jpg,JPG,843 x 666,https://www.artic.edu/artworks/7192/spring-abiquiu,Pastel,Rekha Dhorigol
PAS_14,PAS_14.jpg,JPG,843 x 1129,https://www.artic.edu/artworks/145863/la-belle-italienne,Pastel,Rekha Dhorigol
PAS_15,PAS_15.jpg,JPG,843 x 710,https://www.artic.edu/artworks/90205/nature-symbolized-no-2,Pastel,Rekha Dhorigol
PAS_16,PAS_16.jpg,JPG,843 x 868,https://www.artic.edu/artworks/36351/cakes-no-1,Pastel,Rekha Dhorigol
PAS_17,PAS_17.jpg,JPG,800 x 518,https://www.nga.gov/artworks/109727-arches-larger-baths-hadrians-villa,Pastel,Rekha Dhorigol
PAS_18,PAS_18.jpg,JPG,800 x 532,https://www.nga.gov/artworks/181062-breadline,Pastel,Rekha Dhorigol
PAS_19,PAS_19.jpg,JPG,608 x 800,https://www.nga.gov/artworks/73894-dock-harmony-fishing-boats,Pastel,Rekha Dhorigol
PAS_20,PAS_20.jpg,JPG,638 x 800,https://www.nga.gov/artworks/46299-wildflowers,Pastel,Rekha Dhorigol
PAS_21,PAS_21.jpg,JPG,800 x 450,https://www.nga.gov/artworks/95742-shepherdess,Pastel,Rekha Dhorigol
PAS_22,PAS_22.jpg,JPG,800 x 610,https://www.nga.gov/artworks/163232-study-theater-program-boubouroche-and-valet-de-coeur-jack-hearts,Pastel,Rekha Dhorigol
PAS_23,PAS_23.jpg,JPG,800 x 532,https://www.nga.gov/artworks/66580-horse,Pastel,Rekha Dhorigol
PAS_24,PAS_24.jpg,JPG,603 x 800,https://www.nga.gov/artworks/45976-jockey,Pastel,Rekha Dhorigol
PAS_25,PAS_25.jpg,JPG,626 x 800,https://www.nga.gov/artworks/165301-ballet,Pastel,Rekha Dhorigol
GRA_01,GRA_01.jpg,JPG,1389 x 1712,https://www.metmuseum.org/art/collection/search/489689,Graphite/Pencil,Rekha Dhorigol
GRA_02,GRA_02.jpg,JPG,680 x 509,https://www.metmuseum.org/art/collection/search/15966,Graphite/Pencil,Rekha Dhorigol
GRA_03,GRA_03.jpg,JPG,1960 x 1260,https://www.metmuseum.org/art/collection/search/16116,Graphite/Pencil,Rekha Dhorigol
GRA_04,GRA_04.jpg,JPG,2792 x 3722,https://www.metmuseum.org/art/collection/search/334710,Graphite/Pencil,Rekha Dhorigol
GRA_05,GRA_05.jpg,JPG,1903 x 1363,http://metmuseum.org/art/collection/search/11198,Graphite/Pencil,Rekha Dhorigol
GRA_06,GRA_06.jpg,JPG,1248 x 1924,https://www.metmuseum.org/art/collection/search/16144,Graphite/Pencil,Rekha Dhorigol
GRA_07,GRA_07.jpg,JPG,2129 x 3080,https://www.metmuseum.org/art/collection/search/386709,Graphite/Pencil,Rekha Dhorigol
GRA_08,GRA_08.jpg,JPG,463 x 571,https://www.metmuseum.org/art/collection/search/483833,Graphite/Pencil,Rekha Dhorigol
GRA_09,GRA_09.jpg,JPG,843 x 1362,https://www.artic.edu/artworks/15826/caricature-of-auguste-vacquerie,Graphite/Pencil,Rekha Dhorigol
GRA_10,GRA_10.jpg,JPG,843 x 1173,https://www.artic.edu/artworks/117310/mule-skull-with-turkey-feather,Graphite/Pencil,Rekha Dhorigol
GRA_11,GRA_11.jpg,JPG,1686 x 913,https://www.artic.edu/artworks/14490/butterfly,Graphite/Pencil,Rekha Dhorigol
GRA_12,GRA_12.jpg,JPG,843 x 647,https://www.artic.edu/artworks/82058/still-life-with-an-apple,Graphite/Pencil,Rekha Dhorigol
GRA_13,GRA_13.jpg,JPG,1686 x 1156,https://www.artic.edu/artworks/12865/view-of-saint-peter-s-in-rome,Graphite/Pencil,Rekha Dhorigol
GRA_14,GRA_14.jpg,JPG,843 x 1140,https://www.artic.edu/artworks/110995/piazza,Graphite/Pencil,Rekha Dhorigol
GRA_15,GRA_15.jpg,JPG,843 x 1116,https://www.artic.edu/artworks/51398/autumnal-still-life,Graphite/Pencil,Rekha Dhorigol
GRA_16,GRA_16.jpg,JPG,843 x 1118,https://www.artic.edu/artworks/118669/untitled,Graphite/Pencil,Rekha Dhorigol
GRA_17,GRA_17.jpg,JPG,800 x 783,https://www.nga.gov/artworks/59403-design-medal-representing-saint-george-and-dragon,Graphite/Pencil,Rekha Dhorigol
GRA_18,GRA_18.jpg,JPG,574 x 800,https://www.nga.gov/artworks/180979-fisherman,Graphite/Pencil,Rekha Dhorigol
GRA_19,GRA_19.jpg,JPG,578 x 800,https://www.nga.gov/artworks/52596-circular-ornamental-design,Graphite/Pencil,Rekha Dhorigol
GRA_20,GRA_20.jpg,JPG,800 x 552,https://www.nga.gov/artworks/83530-drawing,Graphite/Pencil,Rekha Dhorigol
GRA_21,GRA_21.jpg,JPG,800 x 574,https://www.nga.gov/artworks/59821-seville,Graphite/Pencil,Rekha Dhorigol
GRA_22,GRA_22.jpg,JPG,603 x 800,https://www.nga.gov/artworks/198346-birch-boughs-catskill-mountains,Graphite/Pencil,Rekha Dhorigol
GRA_23,GRA_23.jpg,JPG,800 x 555,https://www.nga.gov/artworks/545-interesting-romanesque-treatment-san-giovanni-pistoia,Graphite/Pencil,Rekha Dhorigol
GRA_24,GRA_24.jpg,JPG,800 x 596,https://www.nga.gov/artworks/72917-sketch-fragment-wall-capri,Graphite/Pencil,Rekha Dhorigol
GRA_25,GRA_25.jpg,JPG,582 x 800,https://www.nga.gov/artworks/139750-la-fenetre-sur-la-mer-window-sea,Graphite/Pencil,Rekha Dhorigol
INK_01,INK_01.jpg,JPG,2345 x 3722,https://images.metmuseum.org/CRDImages/dp/original/DT659.jpg,Ink,CH Yashwitha
INK_02,INK_02.jpg,JPG,2753 x 3774,https://images.metmuseum.org/CRDImages/dp/original/DP860181.jpg,Ink,CH Yashwitha
INK_03,INK_03.jpg,JPG,1231 x 1258,https://images.metmuseum.org/CRDImages/as/original/DP-24903-001.jpg,Ink,CH Yashwitha
INK_04,INK_04.jpg,JPG,4000 x 3318,https://www.metmuseum.org/art/collection/search/57661,Ink,CH Yashwitha
INK_05,INK_05.jpg,JPG,2888 x 3238,https://images.metmuseum.org/CRDImages/dp/original/DP860180.jpg,Ink,CH Yashwitha
INK_06,INK_06.jpg,JPG,1732 x 1945,https://images.metmuseum.org/CRDImages/dp/original/DP873862.jpg,Ink,CH Yashwitha
INK_07,INK_07.jpg,JPG,2200 x 1730,https://images.metmuseum.org/CRDImages/ad/original/266476.jpg,Ink,CH Yashwitha
INK_08,INK_08.jpg,JPG,2496 x 1977,https://images.metmuseum.org/CRDImages/ad/original/266439.jpg,Ink,CH Yashwitha
INK_09,INK_09.jpg,JPG,2998 x 4000,https://images.metmuseum.org/CRDImages/as/original/DP-19318-002.jpg,Ink,CH Yashwitha
INK_10,INK_10.jpg,JPG,2240 x 1750,https://images.metmuseum.org/CRDImages/ad/original/266530.jpg,Ink,CH Yashwitha
INK_11,INK_11.jpg,JPG,2000 x 1364,https://images.metmuseum.org/CRDImages/as/original/DP166098.jpg,Ink,CH Yashwitha
INK_12,INK_12.jpg,JPG,4000 x 2736,https://images.metmuseum.org/CRDImages/as/original/LC-37_119_5-001.jpg,Ink,CH Yashwitha
INK_13,INK_13.jpg,JPG,1936 x 1848,https://images.metmuseum.org/CRDImages/as/original/1996_478_O2_sf.jpg,Ink,CH Yashwitha
INK_14,INK_14.jpg,JPG,3223 x 2176,https://images.metmuseum.org/CRDImages/dp/original/DP882789.jpg,Ink,CH Yashwitha
INK_15,INK_15.jpg,JPG,1348 x 2024,https://www.metmuseum.org/art/collection/search/16943,Ink,CH Yashwitha
INK_16,INK_16.jpg,JPG,921 x 2000,https://images.metmuseum.org/CRDImages/as/original/13_220_29_21031.jpg,Ink,CH Yashwitha
INK_17,INK_17.jpg,JPG,2306 x 4000,https://images.metmuseum.org/CRDImages/as/original/DP277635.jpg,Ink,CH Yashwitha
INK_18,INK_18.jpg,JPG,3819 x 2900,https://images.metmuseum.org/CRDImages/rl/original/DT360125.jpg,Ink,CH Yashwitha
INK_19,INK_19.jpg,JPG,3806 x 1575,https://images.metmuseum.org/CRDImages/as/original/DP138867.jpg,Ink,CH Yashwitha
INK_20,INK_20.jpg,JPG,3828 x 2602,https://images.metmuseum.org/CRDImages/dp/original/DP813322.jpg,Ink,CH Yashwitha
INK_21,INK_21.jpg,JPG,2742 x 3654,https://images.metmuseum.org/CRDImages/dp/original/DP827624.jpg,Ink,CH Yashwitha
INK_22,INK_22.jpg,JPG,843 x 649,https://www.artic.edu/artworks/147094/sketch-of-the-city,Ink,CH Yashwitha
INK_23,INK_23.jpg,JPG,843 x 1134,https://www.artic.edu/artworks/10025/composition-with-black-and-gray,Ink,CH Yashwitha
INK_24,INK_24.jpg,JPG,843 x 1158,https://www.artic.edu/artworks/12118/boy-and-dog,Ink,CH Yashwitha
INK_25,INK_25.jpg,JPG,843 x 646,https://www.artic.edu/artworks/129840/portrait-of-my-initials-k-k,Ink,CH Yashwitha
WAT_01,WAT_01.jpg,JPG,686  x  900,https://collectionapi.metmuseum.org/api/collection/v1/iiif/15270/30010/main-image,Watercolour,Salasha V
WAT_02,WAT_02.jpg,JPG,620  x 864,https://collectionapi.metmuseum.org/api/collection/v1/iiif/15268/29879/main-image,Watercolour,Salasha V
WAT_03,WAT_03.jpg,JPG,931  x 1200,https://collectionapi.metmuseum.org/api/collection/v1/iiif/12971/37170/main-image,Watercolour,Salasha V
WAT_04,WAT_04.jpg,JPG,786  x 1200,https://collectionapi.metmuseum.org/api/collection/v1/iiif/10599/14797/main-image,Watercolour,Salasha V
WAT_05,WAT_05.jpg,JPG,505  x 700,https://collectionapi.metmuseum.org/api/collection/v1/iiif/15061/30264/main-image,Watercolour,Salasha V
WAT_06,WAT_06.jpg,JPG,1200  x 710,https://collectionapi.metmuseum.org/api/collection/v1/iiif/333776/769167/main-image,Watercolour,Salasha V
WAT_07,WAT_07.jpg,JPG,1200  x 882,https://collectionapi.metmuseum.org/api/collection/v1/iiif/459968/1635994/main-image,Watercolour,Salasha V
WAT_08,WAT_08.jpg,JPG,1200  x 780,https://collectionapi.metmuseum.org/api/collection/v1/iiif/364046/754955/main-image,Watercolour,Salasha V
WAT_09,WAT_09.jpg,JPG,1200  x 851,https://collectionapi.metmuseum.org/api/collection/v1/iiif/339790/757819/main-image,Watercolour,Salasha V
WAT_10,WAT_10.jpg,JPG,1200  x 871,https://collectionapi.metmuseum.org/api/collection/v1/iiif/334299/754218/main-image,Watercolour,Salasha V
WAT_11,WAT_11.jpg,JPG,1200  x 787,https://collectionapi.metmuseum.org/api/collection/v1/iiif/700610/main-image,Watercolour,Salasha V
WAT_12,WAT_12.jpg,JPG,1200  x 803,https://collectionapi.metmuseum.org/api/collection/v1/iiif/343735/main-image,Watercolour,Salasha V
WAT_13,WAT_13.jpg,JPG,1200  x 931,https://collectionapi.metmuseum.org/api/collection/v1/iiif/334257/main-image,Watercolour,Salasha V
WAT_14,WAT_14.jpg,JPG,1012 x 1200,https://collectionapi.metmuseum.org/api/collection/v1/iiif/359336/main-image,Watercolour,Salasha V
WAT_15,WAT_15.jpg,JPG,907  x 1200,https://collectionapi.metmuseum.org/api/collection/v1/iiif/453397/main-image,Watercolour,Salasha V
WAT_16,WAT_16.jpg,JPG,1200  x 964,https://collectionapi.metmuseum.org/api/collection/v1/iiif/10821/32467/main-image,Watercolour,Salasha V
WAT_17,WAT_17.jpg,JPG,852  x 1200,https://collectionapi.metmuseum.org/api/collection/v1/iiif/362025/754779/main-image,Watercolour,Salasha V
WAT_18,WAT_18.jpg,JPG,1200  x 936,https://collectionapi.metmuseum.org/api/collection/v1/iiif/363904/753635/main-image,Watercolour,Salasha V
WAT_19,WAT_19.jpg,JPG,1200  x 803,https://collectionapi.metmuseum.org/api/collection/v1/iiif/380405/751268/main-image,Watercolour,Salasha V
WAT_20,WAT_20.jpg,JPG,854  x 1200,https://collectionapi.metmuseum.org/api/collection/v1/iiif/446612/888563/main-image,Watercolour,Salasha V
WAT_21,WAT_21.jpg,JPG,1200 x  933,https://collectionapi.metmuseum.org/api/collection/v1/iiif/3408/8762/main-image,Watercolour,Salasha V
WAT_22,WAT_22.jpg,JPG,1200  x 793,https://collectionapi.metmuseum.org/api/collection/v1/iiif/333919/754230/main-image,Watercolour,Salasha V
WAT_23,WAT_23.jpg,JPG,1200  x 645,https://collectionapi.metmuseum.org/api/collection/v1/iiif/333885/754234/main-image,Watercolour,Salasha V
WAT_24,WAT_24.jpg,JPG,1200  x 878,https://collectionapi.metmuseum.org/api/collection/v1/iiif/333930/754239/main-image,Watercolour,Salasha V
WAT_25,WAT_25.jpg,JPG,1135  x 1200,https://collectionapi.metmuseum.org/api/collection/v1/iiif/4896/23267/main-image,Watercolour,Salasha V
OIL_01,OIL_01.jpg,JPG,2789 x 3400,https://clevelandart.org/art/1944.90,Oil,Fathima
OIL_02,OIL_02.jpg,JPG,3400 x 3254,https://clevelandart.org/art/1921.1239,Oil,Fathima
OIL_03,OIL_03.jpg,JPG,2529 x 3400,https://clevelandart.org/art/1999.173,Oil,Fathima
OIL_04,OIL_04.jpg,JPG,3139 x 3400,https://clevelandart.org/art/1950.250,Oil,Fathima
OIL_05,OIL_05.jpg,JPG,3400 x 2415,https://clevelandart.org/art/1916.793,Oil,Fathima
OIL_06,OIL_06.jpg,JPG,1536 x 1931,https://clevelandart.org/art/1972.47,Oil,Fathima
OIL_07,OIL_07.jpg,JPG,3400 x 1857,https://clevelandart.org/art/2014.12,Oil,Fathima
OIL_08,OIL_08.jpg,JPG,3400 x 2603,https://clevelandart.org/art/1984.59,Oil,Fathima
OIL_09,OIL_09.jpg,JPG,3400 x 2565,https://clevelandart.org/art/1967.63,Oil,Fathima
OIL_10,OIL_10.jpg,JPG,1902 x 1536,https://clevelandart.org/art/1983.155,Oil,Fathima
OIL_11,OIL_11.jpg,JPG,2754 x 3400,https://clevelandart.org/art/1974.1,Oil,Fathima
OIL_12,OIL_12.jpg,JPG,3400 x 2709,https://clevelandart.org/art/1926.1664,Oil,Fathima
OIL_13,OIL_13.jpg,JPG,3400 x 2019,https://clevelandart.org/art/1980.6,Oil,Fathima
OIL_14,OIL_14.jpg,JPG,2726 x 3400,https://clevelandart.org/art/1951.357,Oil,Fathima
OIL_15,OIL_15.jpg,JPG,3400 x 2434,https://clevelandart.org/art/1983.97,Oil,Fathima
OIL_16,OIL_16.jpg,JPG,3400 x 2132,https://clevelandart.org/art/1996.271,Oil,Fathima
OIL_17,OIL_17.jpg,JPG,2473 x 3400,https://clevelandart.org/art/1916.1046,Oil,Fathima
OIL_18,OIL_18.jpg,JPG,3400 x 2745,https://clevelandart.org/art/1969.18,Oil,Fathima
OIL_19,OIL_19.jpg,JPG,3400 x 2350,https://clevelandart.org/art/1975.76,Oil,Fathima
OIL_20,OIL_20.jpg,JPG,2416 x 3400,https://clevelandart.org/art/1915.722,Oil,Fathima
OIL_21,OIL_21.jpg,JPG,3400 x 2581,https://clevelandart.org/art/1926.1653,Oil,Fathima
OIL_22,OIL_22.jpg,JPG,2722 x 3400,https://clevelandart.org/art/1919.1006,Oil,Fathima
OIL_23,OIL_23.jpg,JPG,3400 x 1891,https://clevelandart.org/art/1970.161,Oil,Fathima
OIL_24,OIL_24.jpg,JPG,3400 x 2806,https://clevelandart.org/art/1975.80,Oil,Fathima
OIL_25,OIL_25.jpg,JPG,3400 x 2045,https://clevelandart.org/art/1940.534,Oil,Fathima